{
  "__meta__": {
    "benchmark_seeds": [
      42,
      53,
      65
    ],
    "noise_levels": [
      0.0,
      0.6,
      0.8,
      1.0,
      1.2,
      1.4,
      1.6
    ],
    "selection_noise_levels": [
      0.0,
      1.2,
      1.6
    ],
    "selection_clean_floor": 0.58,
    "primary_metric": "tail raw accuracy (sigma>=1.2)",
    "deployment_noise_proxy": {
      "param_scale": 0.14,
      "drift_scale": 0.02,
      "logit_scale": 0.05,
      "depth_factor": "1 + 2*(depth/15)"
    }
  },
  "Single-Obj Genetic": {
    "tail_accuracy": 0.5014444444444445,
    "tail_accuracy_std": 0.007874007874011785,
    "worst_tail_accuracy": 0.46244444444444444,
    "worst_tail_accuracy_std": 0.021099997074483456,
    "extreme_accuracy": 0.46244444444444444,
    "extreme_accuracy_std": 0.021099997074483456,
    "clean_accuracy": 0.6266666666666666,
    "clean_accuracy_std": 0.015153535218873157,
    "means": [
      0.6266666666666666,
      0.6186666666666667,
      0.5861111111111111,
      0.567,
      0.5336666666666666,
      0.5082222222222222,
      0.46244444444444444
    ],
    "stds": [
      0.015153535218873157,
      0.008806563209081944,
      0.033713755114946994,
      0.017577342317966167,
      0.015953636529597744,
      0.018201207394491305,
      0.021099997074483456
    ],
    "seed_metrics": [
      {
        "seed": 42,
        "selected_gene": [
          4,
          3,
          3,
          1,
          3,
          3,
          2
        ],
        "selected_depth": 5,
        "selected_total_gates": 11,
        "selection_clean_acc": 0.61,
        "selection_tail_acc": 0.5454166666666667,
        "means": [
          0.61,
          0.614,
          0.6186666666666667,
          0.5866666666666667,
          0.527,
          0.48266666666666663,
          0.4616666666666666
        ],
        "stds": [
          0.0,
          0.022499382707581592,
          0.050380772346424206,
          0.058442754517181644,
          0.11190720362077779,
          0.08263440230584623,
          0.08131215571282482
        ],
        "clean_acc": 0.61,
        "tail_accuracy": 0.49044444444444446,
        "worst_tail_accuracy": 0.4616666666666666,
        "extreme_accuracy": 0.4616666666666666
      },
      {
        "seed": 53,
        "selected_gene": [
          4,
          4,
          1,
          4,
          4,
          4,
          1
        ],
        "selected_depth": 5,
        "selected_total_gates": 8,
        "selection_clean_acc": 0.6233333333333333,
        "selection_tail_acc": 0.5308333333333333,
        "means": [
          0.6233333333333333,
          0.611,
          0.5999999999999999,
          0.5439999999999999,
          0.5183333333333334,
          0.5183333333333333,
          0.4886666666666667
        ],
        "stds": [
          0.0,
          0.027367864366808006,
          0.02800793538346666,
          0.03289039035611737,
          0.03633944902658206,
          0.0709029070082618,
          0.07934733769950948
        ],
        "clean_acc": 0.6233333333333333,
        "tail_accuracy": 0.5084444444444444,
        "worst_tail_accuracy": 0.4886666666666667,
        "extreme_accuracy": 0.4886666666666667
      },
      {
        "seed": 65,
        "selected_gene": [
          3,
          2,
          2,
          3,
          4,
          3,
          2
        ],
        "selected_depth": 7,
        "selected_total_gates": 10,
        "selection_clean_acc": 0.6466666666666666,
        "selection_tail_acc": 0.5320833333333334,
        "means": [
          0.6466666666666666,
          0.631,
          0.5396666666666667,
          0.5703333333333334,
          0.5556666666666665,
          0.5236666666666667,
          0.437
        ],
        "stds": [
          0.0,
          0.03158937936852967,
          0.0681248853210044,
          0.03142716447067198,
          0.05595732500953047,
          0.09751865918319884,
          0.08697956337234881
        ],
        "clean_acc": 0.6466666666666666,
        "tail_accuracy": 0.5054444444444445,
        "worst_tail_accuracy": 0.437,
        "extreme_accuracy": 0.437
      }
    ]
  },
  "Acc+Complexity Genetic": {
    "tail_accuracy": 0.5221851851851852,
    "tail_accuracy_std": 0.00909227200158968,
    "worst_tail_accuracy": 0.47700000000000004,
    "worst_tail_accuracy_std": 0.022357366836276874,
    "extreme_accuracy": 0.47700000000000004,
    "extreme_accuracy_std": 0.022357366836276874,
    "clean_accuracy": 0.6433333333333333,
    "clean_accuracy_std": 0.009813067629253151,
    "means": [
      0.6433333333333333,
      0.6033333333333334,
      0.6048888888888889,
      0.5543333333333333,
      0.5621111111111111,
      0.5274444444444445,
      0.47700000000000004
    ],
    "stds": [
      0.009813067629253151,
      0.0071388348463150625,
      0.0241742644506176,
      0.02477154879351768,
      0.0025141574442188465,
      0.010045575157596196,
      0.022357366836276874
    ],
    "seed_metrics": [
      {
        "seed": 42,
        "selected_gene": [
          3,
          1,
          1,
          4,
          3,
          3,
          2
        ],
        "selected_depth": 7,
        "selected_total_gates": 9,
        "selection_clean_acc": 0.6466666666666666,
        "selection_tail_acc": 0.5116666666666667,
        "means": [
          0.6466666666666666,
          0.5940000000000001,
          0.616,
          0.5803333333333334,
          0.5603333333333333,
          0.5373333333333334,
          0.45499999999999996
        ],
        "stds": [
          0.0,
          0.053702886328390195,
          0.023935097428021666,
          0.047456412750134326,
          0.05461888155411297,
          0.07201543044530263,
          0.10609482132088781
        ],
        "clean_acc": 0.6466666666666666,
        "tail_accuracy": 0.5175555555555555,
        "worst_tail_accuracy": 0.45499999999999996,
        "extreme_accuracy": 0.45499999999999996
      },
      {
        "seed": 53,
        "selected_gene": [
          4,
          3,
          2,
          1,
          3,
          4,
          2
        ],
        "selected_depth": 5,
        "selected_total_gates": 10,
        "selection_clean_acc": 0.63,
        "selection_tail_acc": 0.57375,
        "means": [
          0.63,
          0.6046666666666667,
          0.6273333333333333,
          0.5616666666666666,
          0.5656666666666667,
          0.5313333333333333,
          0.5076666666666667
        ],
        "stds": [
          0.0,
          0.03215241480476667,
          0.02897508508280098,
          0.0907162854422757,
          0.04531494725192168,
          0.07930531718197294,
          0.10226382003860843
        ],
        "clean_acc": 0.63,
        "tail_accuracy": 0.5348888888888889,
        "worst_tail_accuracy": 0.5076666666666667,
        "extreme_accuracy": 0.5076666666666667
      },
      {
        "seed": 65,
        "selected_gene": [
          3,
          1,
          2,
          3,
          2,
          2,
          2
        ],
        "selected_depth": 6,
        "selected_total_gates": 9,
        "selection_clean_acc": 0.6533333333333333,
        "selection_tail_acc": 0.55375,
        "means": [
          0.6533333333333333,
          0.6113333333333333,
          0.5713333333333334,
          0.5210000000000001,
          0.5603333333333332,
          0.5136666666666667,
          0.4683333333333334
        ],
        "stds": [
          0.0,
          0.0428744938421694,
          0.05520064411862521,
          0.08266465051304847,
          0.09841465563849952,
          0.05386093203798091,
          0.07782101972546436
        ],
        "clean_acc": 0.6533333333333333,
        "tail_accuracy": 0.5141111111111111,
        "worst_tail_accuracy": 0.4683333333333334,
        "extreme_accuracy": 0.4683333333333334
      }
    ]
  },
  "Multi-Obj Genetic (Ours)": {
    "tail_accuracy": 0.5377037037037038,